Title,Body,Labels,Milestone,Assignees
"Initialize React Native Project","Set up Expo-based React Native project for senior mobile app with proper folder structure. Deliverable: senior-app/ directory with Expo configuration. Acceptance Criteria: Expo project initialized with TypeScript, proper folder structure created, basic navigation setup, accessibility configuration included.","setup,P0","Phase 1 - MVP",
"Create Family Web Panel","Set up React + Vite project for family member web interface. Deliverable: family-panel/ directory with Vite configuration. Acceptance Criteria: Vite project initialized with TypeScript, React Router setup, responsive design configuration, basic component structure.","setup,P0","Phase 1 - MVP",
"Setup Backend API","Initialize FastAPI backend with PostgreSQL database connection. Deliverable: backend/ directory with FastAPI app and database models. Acceptance Criteria: FastAPI application structure, PostgreSQL connection configured, basic API endpoints, database models defined, environment configuration.","setup,P0","Phase 1 - MVP",
"Configure CI/CD Pipeline","Set up GitHub Actions for automated testing and deployment. Deliverable: .github/workflows/ with CI/CD configuration. Acceptance Criteria: Automated testing on PR, linting and security checks, build verification, deployment pipeline.","setup,P0","Phase 1 - MVP",
"Install Dependencies","Install and configure all required packages for both frontend and backend. Deliverable: package.json files with all dependencies. Acceptance Criteria: All dependencies installed, package versions locked, workspace configuration, development scripts ready.","setup,P0","Phase 1 - MVP",
"Design Main Screen Layout","Create main screen with 3 large, clearly labeled buttons (Call, SOS, Photos). Deliverable: MainScreen.tsx component. Acceptance Criteria: Three large, clearly labeled buttons, high contrast design (WCAG 2.2 compliant), touch-friendly sizing (minimum 44pt), plain language labels, single action per button.","ui,accessibility,P1","Phase 1 - MVP",
"Implement High-Contrast Theme","Create accessibility-focused theme with large typography (18pt+) and high contrast colors. Deliverable: theme.ts and styles.ts files. Acceptance Criteria: Typography ≥ 18pt minimum, high contrast color scheme, WCAG 2.2 AA compliance, dark/light mode support, consistent spacing system.","ui,accessibility,P1","Phase 1 - MVP",
"Build Contact List Screen","Design contact list with large photos and clear names for easy selection. Deliverable: ContactListScreen.tsx component. Acceptance Criteria: Large, clear contact photos, readable names (≥ 18pt), easy touch targets, simple navigation, loading states.","ui,accessibility,P1","Phase 1 - MVP",
"Create Photo Viewing Interface","Build large-format photo display screen for seniors to view family photos. Deliverable: PhotoViewerScreen.tsx component. Acceptance Criteria: Full-screen photo display, simple navigation (swipe/buttons), large, clear interface, loading indicators, error handling.","ui,accessibility,P1","Phase 1 - MVP",
"Design Family Web Dashboard","Create web interface for family members to manage contacts and upload photos. Deliverable: Dashboard.tsx component. Acceptance Criteria: Contact management interface, photo upload functionality, responsive design, clear navigation, status indicators.","ui,accessibility,P1","Phase 1 - MVP",
"Implement One-Touch Calling","Build audio/video calling functionality with single tap to initiate calls. Deliverable: CallService.ts and calling components. Acceptance Criteria: Single tap to start call, audio and video support, call quality indicators, error handling, call duration < 30 seconds to connect.","feature,mvp,P0","Phase 1 - MVP",
"Create SOS Alert System","Build red SOS button that sends instant alerts to main family contact. Deliverable: SOSService.ts and SOSButton.tsx. Acceptance Criteria: Prominent red SOS button, instant alert to family contact, push notification support, alert confirmation, alert delivery < 1 minute.","feature,mvp,P0","Phase 1 - MVP",
"Build Photo Upload System","Create system for family members to upload photos from web panel. Deliverable: PhotoUploadService.ts and upload components. Acceptance Criteria: Drag & drop upload, multiple file selection, progress indicators, image compression, error handling.","feature,mvp,P0","Phase 1 - MVP",
"Add Photo Sharing for Seniors","Enable seniors to view and react to family photos with simple emojis. Deliverable: PhotoSharingService.ts and reaction components. Acceptance Criteria: Large emoji reactions, simple tap to react, visual feedback, reaction history, offline support.","feature,mvp,P0","Phase 1 - MVP",
"Implement Real-time Notifications","Set up push notifications for SOS alerts and new photos. Deliverable: NotificationService.ts. Acceptance Criteria: Push notification setup, SOS alert notifications, new photo notifications, notification permissions, background processing.","feature,mvp,P0","Phase 1 - MVP",
"Welcome Screen","Create simple introduction screen with large, friendly text and prominent Start button. Deliverable: WelcomeScreen.tsx component. Acceptance Criteria: Large, high-contrast text (≥ 24pt), prominent Start button, voice narration support, simple, reassuring language, one action per screen.","onboarding,ui,accessibility,P0","Phase 1 - MVP",
"Permission Screen","Build clear permission request screen for camera/microphone access with simple Yes/No options. Deliverable: PermissionScreen.tsx component. Acceptance Criteria: Clear explanation of each permission, simple Yes/No buttons, voice narration support, error prevention with confirmations, plain language explanations.","onboarding,ui,accessibility,P0","Phase 1 - MVP",
"Family Link Screen","Create QR code display screen for easy connection with family members web panel. Deliverable: FamilyLinkScreen.tsx component. Acceptance Criteria: Large, clear QR code display, simple instructions, voice narration support, fallback connection method, clear visual hierarchy.","onboarding,ui,accessibility,P0","Phase 1 - MVP",
"Voice Support","Add text-to-speech narration support for all onboarding screens. Deliverable: VoiceService.ts and voice components. Acceptance Criteria: Text-to-speech on all onboarding screens, voice control for navigation, clear, slow speech, volume control, accessibility compliance.","onboarding,ui,accessibility,P1","Phase 1 - MVP"
